title,content,reason
恒丰银行,"您账户3426于12月10日收到利息人民币208.80，余额102,884.31",
云闪付,您账户于2月3日结息人民币20.90，税后利息已入账,
抖音支付,【XX分期】零首付购机，月供低至199元，点击办理分期付款，免息30天,"被其他通知服务取消, 3天前"
中信银行,【工商银行】您好，我行授予您430000元消费额度，可用于日常消费、房屋装修，点击申请,"被其他通知服务取消, 3天前"
民生银行,您尾号2853账户发生退款收入人民币58.50，原交易已撤销,
云闪付,"您账户8441于2月10日发生一笔还款支出人民币25.00，余额102,884.31",
浦发银行,"您账户1736于11月21日03:57向李四转账支出人民币99.00，余额23,908.77",
兴业银行,"您账户6628于2月3日18:10向王五转账支出人民币89.10，余额8,231.06",
上海银行,"您账户于10月19日发生港币HK$ 99.00消费，折合人民币13,450.22",
招商银行,【中国银行】您好，我行授予您160000元消费额度，可用于日常消费、房屋装修，点击申请,"被其他通知服务取消, 3天前"
兴业银行,云闪付凭证：您已支付¥320.00，商户：沃尔玛,
浙商银行,"微信支付：您于00:18收款¥3,420.15，来自陈晓明",
浙商银行,您账户6095于2月28日发生一笔还款支出人民币151.00，余额685.42,
邮储银行,"美团支付退款：您有一笔退款¥5,000.00已退回，商户：财付通-微信支付-滴滴出行",
招商银行,"您账户9255于5月27日05:29收到周晓芳转账人民币3,420.15",
微信支付,【XX游戏】首充6元送648元宝，点击充值，限时活动今日截止,"被其他通知服务取消, 3天前"
恒丰银行,【XX贷】额度已到账150000元，随借随还，点击提现>>,"被其他通知服务取消, 3天前"
浙商银行,"您尾号3935的储蓄卡账户3月6日发生快捷支付人民币5,000.00，余额8,231.06",
杭州银行,"您账户6585发生POS消费人民币1,000.00，商户：肯德基",
兴业银行,"您尾号9430的储蓄卡账户4月28日发生快捷支付人民币20.90，余额102,884.31",
邮储银行,【浙商银行】尊敬的客户，您可获得最高290000元信用贷款，日息低至0.02%，点击立即申请，退订回T,"被其他通知服务取消, 3天前"
浦发银行,【拼多多】恭喜!您已获得现金红包，支付1元即可提现到微信零钱，点击领取,"被其他通知服务取消, 3天前"
浙商银行,"您尾号3938信用卡12月20日消费人民币3,420.15，账单日10月8日",
建设银行,"您账户4817发生POS消费人民币1,234.56，商户：沃尔玛",
邮储银行,"您尾号9988账户工资代发收入人民币1,000.00",
上海银行,"您尾号9061账户6月19日20:56在【铁路12306】消费美元USD 520.00，折合人民币1,234.56",
招商银行,【招商银行】您账户347209:01发生快捷支付扣款，人民币25.00,
平安银行,您账户3417于1月24日存入现金人民币99.00，余额685.42,
农业银行,【招商银行】限时活动：办理分期享0手续费，月供低至714元，点击参与,"被其他通知服务取消, 3天前"
交通银行,"您尾号7864的账户10月23日向张三转账人民币15,800.00成功",
微信支付,【京东商城】双11狂欢，全场1折起，仅售9.9元，点击领取888元红包，回复TD退订,"被其他通知服务取消, 3天前"
杭州银行,微信支付退款：您有一笔退款¥99.00已退回，商户：中国石化,
光大银行,京东支付退款：您有一笔退款¥208.80已退回，商户：肯德基,
农业银行,您账户8804于09月7日09:44在【肯德基】发生快捷支付扣款，人民币208.80,
中信银行,"微信支付：您有一笔成功交易，付款¥15,800.00，余额685.42",
民生银行,【XX保险】您的账户可领取理赔金2000元，点击认证领取，限时3天,"被其他通知服务取消, 3天前"
招商银行,"您尾号1936的储蓄卡账户7月9日发生快捷支付人民币520.00，余额23,908.77",
兴业银行,您账户8114于09月22日17:34在【国家电网】发生快捷支付扣款，人民币8.00,
北京银行,"您账户3909于4月26日收到利息人民币151.00，余额102,884.31",
兴业银行,您尾号1871账户1月3日结息人民币320.00，已转入活期账户,
中国银行,"您尾号9909信用卡本期账单人民币1,234.56已还款成功",
农业银行,【麦当劳】麦麦省本周优惠，11.9元人气汉堡买一送一，倒计时点击领取,"被其他通知服务取消, 3天前"
广发银行,您账户8057发生POS消费人民币25.00，商户：中国电信,
杭州银行,您尾号6181账户6月10日发生代扣支出人民币186.30，业务：水电煤,
中信银行,您账户1853于10月28日发生一笔还款支出人民币89.10，余额685.42,
宁波银行,"您账户2051于1月15日存入现金人民币20.90，余额45,120.00",
工商银行,您尾号7836账户9月19日发生代扣支出人民币151.00，业务：水电煤,
江苏银行,【江苏银行】您账户401710:41发生快捷支付扣款，人民币888.88,
邮储银行,"您账户3341于12月10日19:24通过财付通-微信支付-美团外卖支付人民币15,800.00，余额102,884.31",
工商银行,"您账户8093于1月6日06:14通过肯德基支付人民币99.00，余额45,120.00",
农业银行,"您账户3730于6月7日收到跨行汇入人民币50,000.00，余额45,120.00",
上海银行,"您账户3737于1月9日收到利息人民币186.30，余额8,231.06",
中信银行,您尾号1529账户5月28日购买理财支出人民币12.90,
交通银行,【宁波银行】您好，我行授予您450000元消费额度，可用于日常消费、房屋装修，点击申请,"被其他通知服务取消, 3天前"
广发银行,【中信银行】您的积分即将过期，可兑换203元礼品卡，点击兑换>>,"被其他通知服务取消, 3天前"
支付宝,"您账户6660于3月12日05:19ATM取现人民币25.00，余额13,450.22",
宁波银行,您账户5618于11月19日07:24向周晓芳转账支出人民币186.30，余额685.42,
恒丰银行,【XX游戏】首充6元送648元宝，点击充值，限时活动今日截止,"被其他通知服务取消, 3天前"
抖音支付,【建设银行】您的积分即将过期，可兑换186元礼品卡，点击兑换>>,"被其他通知服务取消, 3天前"
抖音支付,【浦发银行】您的积分即将过期，可兑换295元礼品卡，点击兑换>>,"被其他通知服务取消, 3天前"
上海银行,【民生银行】信用卡提额机会！您的卡片可提升至70000元，点击办理>>,"被其他通知服务取消, 3天前"
华夏银行,"您账户4516于10月7日收到利息人民币2,000.00，余额685.42",
民生银行,"您尾号7063账户1月22日结息人民币2,000.00，已转入活期账户",
邮储银行,"您账户7692于6月8日07:55ATM取现人民币1,000.00，余额45,120.00",
平安银行,【XX贷】额度已到账140000元，随借随还，点击提现>>,"被其他通知服务取消, 3天前"
杭州银行,【中国银行】恭喜您获得理财新客礼包，815元现金红包点击领取，先到先得,"被其他通知服务取消, 3天前"
上海银行,【XX保险】您的账户可领取理赔金2000元，点击认证领取，限时3天,"被其他通知服务取消, 3天前"
光大银行,您账户4257于09月20日08:36在【京东商城】发生快捷支付扣款，人民币151.00,
江苏银行,【XX贷】额度已到账130000元，随借随还，点击提现>>,"被其他通知服务取消, 3天前"
平安银行,"您尾号8379信用卡2月12日消费人民币1,234.56，账单日10月8日",
广发银行,您账户8195于6月9日收到跨行汇入人民币58.50，余额685.42,
中国银行,【XX分期】零首付购机，月供低至199元，点击办理分期付款，免息30天,"被其他通知服务取消, 3天前"
宁波银行,"京东支付：您于20:50收款¥1,234.56，来自刘建国",
宁波银行,【XX分期】零首付购机，月供低至199元，点击办理分期付款，免息30天,"被其他通知服务取消, 3天前"
邮储银行,【XX分期】零首付购机，月供低至199元，点击办理分期付款，免息30天,"被其他通知服务取消, 3天前"
华夏银行,"您账户于1月1日结息人民币3,420.15，税后利息已入账",
招商银行,"您尾号1399账户1月10日发生代扣支出人民币1,000.00，业务：通信费",
支付宝,支付宝：您于23:27收款¥320.00，来自李四,
云闪付,"您尾号6502的储蓄卡账户5月14日发生快捷支付人民币1,234.56，余额45,120.00",
光大银行,"您尾号2730信用卡本期应还人民币50,000.00，最后还款日10月8日",
上海银行,【淘宝】您有4张共677元消费券待领取，限时免费领取，点此立即领>>,"被其他通知服务取消, 3天前"
建设银行,"您尾号9489的储蓄卡账户11月1日发生快捷支付人民币89.10，余额102,884.31",
美团支付,【XX游戏】首充6元送648元宝，点击充值，限时活动今日截止,"被其他通知服务取消, 3天前"
华夏银行,您尾号9301账户5月18日发生代扣支出人民币151.00，业务：保险费,
邮储银行,【XX分期】零首付购机，月供低至199元，点击办理分期付款，免息30天,"被其他通知服务取消, 3天前"
农业银行,"您账户于3月10日发生港币HK$ 208.80消费，折合人民币1,234.56",
民生银行,【麦当劳】麦麦省本周优惠，11.9元人气汉堡买一送一，倒计时点击领取,"被其他通知服务取消, 3天前"
光大银行,您账户于7月27日结息人民币89.10，税后利息已入账,
农业银行,"您账户7905于6月10日发生一笔还款支出人民币12,000.00，余额8,231.06",
宁波银行,您账户于7月19日结息人民币89.10，税后利息已入账,
上海银行,"您尾号6241的账户8月14日向吴伟转账人民币3,420.15成功",
邮储银行,"美团支付：您尾号4807卡于13:08消费人民币3,420.15",
中信银行,【淘宝】您有8张共685元消费券待领取，限时免费领取，点此立即领>>,"被其他通知服务取消, 3天前"
抖音支付,您账户于3月23日发生港币HK$ 151.00消费，折合人民币685.42,
招商银行,微信支付退款：您有一笔退款¥20.90已退回，商户：小米科技有限责任公司,
民生银行,您账户9221发生POS消费人民币888.88，商户：财付通-微信支付-滴滴出行,
建设银行,"您尾号5812账户6月1日09:41在【京东商城】消费美元USD 99.00，折合人民币23,908.77",
兴业银行,"您账户4875于6月8日发生一笔还款支出人民币3,420.15，余额45,120.00",
浦发银行,您尾号2530账户工资代发收入人民币186.30,
平安银行,您尾号4362账户发生退款收入人民币89.10，原交易已撤销,
恒丰银行,"您账户于3月18日结息人民币5,000.00，税后利息已入账",
建设银行,"您尾号7169账户6月8日发生代扣支出人民币2,000.00，业务：水电煤",
微信支付,"您账户8649于9月7日02:22ATM取现人民币12,000.00，余额13,450.22",
平安银行,【平安银行】您账户881013:52发生快捷支付扣款，人民币58.50,
中国银行,"云闪付：您于06:45收款¥50,000.00，来自李四",
兴业银行,您尾号6704账户发生退款收入人民币20.90，原交易已撤销,
杭州银行,"您尾号9496账户8月18日购买理财支出人民币1,234.56",
浙商银行,"微信支付：您有一笔成功交易，付款¥58.50，余额45,120.00",
光大银行,"您尾号6422账户发生退款收入人民币1,234.56，原交易已撤销",
恒丰银行,美团支付：您于20:07收款¥8.00，来自陈晓明,
招商银行,"您账户2417于10月12日15:57ATM取现人民币320.00，余额1,234.56",
农业银行,云闪付凭证：您已支付¥58.50，商户：盒马鲜生,
邮储银行,您账户8463于8月3日09:43收到李四转账人民币89.10,
上海银行,"您账户3905于7月8日14:33ATM取现人民币12,000.00，余额685.42",
中信银行,微信支付：您于12:28收款¥520.00，来自刘建国,
交通银行,"您账户5498于6月19日11:43通过拼多多支付人民币8.00，余额45,120.00",
中国银行,"您账户8619于4月16日收到跨行汇入人民币520.00，余额1,234.56",
兴业银行,"您尾号7038账户工资代发收入人民币15,800.00",
浦发银行,"您尾号1812账户11月23日结息人民币1,000.00，已转入活期账户",
宁波银行,【建设银行】您好，我行授予您130000元消费额度，可用于日常消费、房屋装修，点击申请,"被其他通知服务取消, 3天前"
华夏银行,"您尾号3824信用卡本期应还人民币5,000.00，最后还款日10月8日",
杭州银行,"您尾号7062信用卡本期账单人民币15,800.00已还款成功",
浦发银行,【中国银行】信用卡提额机会！您的卡片可提升至140000元，点击办理>>,"被其他通知服务取消, 3天前"
江苏银行,您账户4760发生POS消费人民币320.00，商户：中国电信,
美团支付,【淘宝】您有9张共668元消费券待领取，限时免费领取，点此立即领>>,"被其他通知服务取消, 3天前"
平安银行,您尾号3524账户10月22日购买理财支出人民币58.50,
宁波银行,【宁波银行】尊敬的客户，您可获得最高250000元信用贷款，日息低至0.02%，点击立即申请，退订回T,"被其他通知服务取消, 3天前"
兴业银行,您尾号6052账户8月8日发生代扣支出人民币12.90，业务：水电煤,
抖音支付,【江苏银行】恭喜您获得理财新客礼包，95元现金红包点击领取，先到先得,"被其他通知服务取消, 3天前"
浦发银行,您尾号1042账户12月20日发生代扣支出人民币25.00，业务：保险费,
宁波银行,您尾号3727信用卡本期账单人民币888.88已还款成功,
浙商银行,微信支付凭证：您已支付¥888.88，商户：小米科技有限责任公司,
华夏银行,"您账户6844于2月11日收到跨行汇入人民币1,000.00，余额8,231.06",
江苏银行,【恒丰银行】限时活动：办理分期享0手续费，月供低至151元，点击参与,"被其他通知服务取消, 3天前"
北京银行,"您账户8725发生POS消费人民币5,000.00，商户：支付宝-淘宝",
京东支付,您账户6162发生POS消费人民币99.00，商户：小米科技有限责任公司,
浦发银行,"微信支付凭证：您已支付¥15,800.00，商户：财付通-微信支付-美团外卖",
工商银行,"微信支付凭证：您已支付¥50,000.00，商户：支付宝-淘宝",
北京银行,"您尾号1506信用卡本期应还人民币50,000.00，最后还款日10月8日",
浦发银行,"您尾号2992账户3月5日购买理财支出人民币5,000.00",
光大银行,"您尾号9668账户2月5日购买理财支出人民币2,000.00",
北京银行,您账户8860于11月24日05:14向陈晓明转账支出人民币25.00，余额685.42,
建设银行,【XX贷】额度已到账70000元，随借随还，点击提现>>,"被其他通知服务取消, 3天前"
浦发银行,您尾号7793账户发生退款收入人民币12.90，原交易已撤销,
浙商银行,【北京银行】限时活动：办理分期享0手续费，月供低至293元，点击参与,"被其他通知服务取消, 3天前"
工商银行,您账户2532发生POS消费人民币89.10，商户：瑞幸咖啡,
建设银行,您尾号8716信用卡本期应还人民币20.90，最后还款日10月8日,
广发银行,【北京银行】尊敬的客户，您可获得最高70000元信用贷款，日息低至0.02%，点击立即申请，退订回T,"被其他通知服务取消, 3天前"
农业银行,您尾号7547信用卡11月16日消费人民币888.88，账单日10月8日,
平安银行,您账户5506于09月28日15:48在【腾讯视频】发生快捷支付扣款，人民币888.88,
农业银行,云闪付：您尾号3599卡于09:41消费人民币888.88,
上海银行,"您尾号8720账户5月5日发生代扣支出人民币2,000.00，业务：物业费",
建设银行,"您账户2899于4月12日收到跨行汇入人民币89.10，余额1,234.56",
微信支付,您尾号8889账户发生退款收入人民币58.50，原交易已撤销,
华夏银行,"微信支付：您有一笔成功交易，付款¥520.00，余额8,231.06",
光大银行,"京东支付：您于03:08收款¥1,234.56，来自周晓芳",
上海银行,京东支付退款：您有一笔退款¥151.00已退回，商户：优酷会员,
平安银行,"您账户7909于3月28日发生一笔还款支出人民币89.10，余额13,450.22",
工商银行,您尾号1239账户发生退款收入人民币8.00，原交易已撤销,
民生银行,"云闪付退款：您有一笔退款¥5,000.00已退回，商户：盒马鲜生",
中信银行,【中国移动】您的话费余额不足10元，点击充值享9折优惠，立即充值送流量,"被其他通知服务取消, 3天前"
华夏银行,微信支付：您尾号8925卡于23:37消费人民币320.00,
广发银行,您账户6536于2月24日发生一笔还款支出人民币8.00，余额685.42,
光大银行,【拼多多】恭喜!您已获得现金红包，支付1元即可提现到微信零钱，点击领取,"被其他通知服务取消, 3天前"
中国银行,"您尾号5606账户工资代发收入人民币12,000.00",
广发银行,您尾号6524的账户7月26日向赵六转账人民币58.50成功,
中信银行,您尾号5431信用卡3月18日消费人民币8.00，账单日10月8日,
平安银行,【宁波银行】信用卡提额机会！您的卡片可提升至80000元，点击办理>>,"被其他通知服务取消, 3天前"
交通银行,【北京银行】尊敬的客户，您可获得最高150000元信用贷款，日息低至0.02%，点击立即申请，退订回T,"被其他通知服务取消, 3天前"
兴业银行,【麦当劳】麦麦省本周优惠，11.9元人气汉堡买一送一，倒计时点击领取,"被其他通知服务取消, 3天前"
交通银行,"您账户3376于5月26日发生一笔还款支出人民币5,000.00，余额102,884.31",
中信银行,【XX游戏】首充6元送648元宝，点击充值，限时活动今日截止,"被其他通知服务取消, 3天前"
浙商银行,"您账户2542于4月7日11:34ATM取现人民币208.80，余额102,884.31",
中信银行,【XX分期】零首付购机，月供低至199元，点击办理分期付款，免息30天,"被其他通知服务取消, 3天前"
微信支付,【农业银行】信用卡提额机会！您的卡片可提升至140000元，点击办理>>,"被其他通知服务取消, 3天前"
江苏银行,"您账户5528于7月1日发生一笔还款支出人民币320.00，余额23,908.77",
邮储银行,"【邮储银行】您账户288303:19发生快捷支付扣款，人民币12,000.00",
恒丰银行,您尾号3499账户发生退款收入人民币151.00，原交易已撤销,
广发银行,您尾号5438账户9月11日00:44在【星巴克】消费美元USD 25.00，折合人民币685.42,
民生银行,【XX保险】您的账户可领取理赔金2000元，点击认证领取，限时3天,"被其他通知服务取消, 3天前"
北京银行,【XX保险】您的账户可领取理赔金2000元，点击认证领取，限时3天,"被其他通知服务取消, 3天前"
华夏银行,【华夏银行】您账户563815:27发生快捷支付扣款，人民币58.50,
民生银行,"您尾号5914账户工资代发收入人民币15,800.00",
中信银行,您尾号9253账户12月1日发生代扣支出人民币186.30，业务：物业费,
浦发银行,"微信支付：您有一笔成功交易，付款¥12.90，余额23,908.77",
建设银行,"京东支付：您尾号1194卡于09:25消费人民币3,420.15",
建设银行,您账户3437于7月2日13:27收到陈晓明转账人民币520.00,
工商银行,【拼多多】恭喜!您已获得现金红包，支付1元即可提现到微信零钱，点击领取,"被其他通知服务取消, 3天前"
浦发银行,"您尾号6233信用卡本期账单人民币12,000.00已还款成功",
招商银行,"您账户9091发生POS消费人民币1,234.56，商户：拼多多",
光大银行,"您尾号3911的储蓄卡账户2月6日发生快捷支付人民币320.00，余额102,884.31",
工商银行,"您账户3636于11月17日发生一笔还款支出人民币15,800.00，余额23,908.77",
上海银行,"京东支付：您有一笔成功交易，付款¥12.90，余额1,234.56",
浦发银行,"您尾号4666信用卡本期应还人民币15,800.00，最后还款日10月8日",
上海银行,您尾号7995信用卡8月3日消费人民币58.50，账单日10月8日,
微信支付,"您账户6976于7月9日收到跨行汇入人民币888.88，余额1,234.56",
平安银行,【平安银行】您好，我行授予您490000元消费额度，可用于日常消费、房屋装修，点击申请,"被其他通知服务取消, 3天前"
交通银行,您账户2369于8月13日19:19收到吴伟转账人民币89.10,
浦发银行,"您账户8517于10月16日20:00收到王五转账人民币3,420.15",
浦发银行,【杭州银行】尊敬的客户，您可获得最高220000元信用贷款，日息低至0.02%，点击立即申请，退订回T,"被其他通知服务取消, 3天前"
兴业银行,云闪付：您尾号3487卡于19:03消费人民币888.88,
恒丰银行,您尾号4629账户工资代发收入人民币25.00,
中国银行,"您账户2158于09月5日10:26在【国家电网】发生快捷支付扣款，人民币1,000.00",
中国银行,"您尾号6329信用卡本期应还人民币5,000.00，最后还款日10月8日",
浦发银行,"您账户于6月24日结息人民币50,000.00，税后利息已入账",
杭州银行,"您尾号8781账户6月14日13:42在【优酷会员】消费美元USD 1,000.00，折合人民币23,908.77",
抖音支付,"抖音支付退款：您有一笔退款¥3,420.15已退回，商户：优酷会员",
民生银行,【XX贷】额度已到账170000元，随借随还，点击提现>>,"被其他通知服务取消, 3天前"
浦发银行,"您账户3478于2月22日18:49通过中国石化支付人民币5,000.00，余额1,234.56",
广发银行,"抖音支付：您尾号4044卡于12:32消费人民币5,000.00",
招商银行,【拼多多】恭喜!您已获得现金红包，支付1元即可提现到微信零钱，点击领取,"被其他通知服务取消, 3天前"
农业银行,您账户6159于9月28日19:53ATM取现人民币20.90，余额685.42,
美团支付,"您账户3826于11月24日发生一笔还款支出人民币20.90，余额8,231.06",
江苏银行,"您账户4657于8月9日收到跨行汇入人民币186.30，余额1,234.56",
工商银行,"您账户1917于7月11日07:58ATM取现人民币186.30，余额13,450.22",
杭州银行,【淘宝】您有8张共162元消费券待领取，限时免费领取，点此立即领>>,"被其他通知服务取消, 3天前"
工商银行,【杭州银行】您好，我行授予您340000元消费额度，可用于日常消费、房屋装修，点击申请,"被其他通知服务取消, 3天前"
上海银行,【上海银行】您账户307307:36发生快捷支付扣款，人民币12.90,
交通银行,"您尾号1451账户4月12日结息人民币2,000.00，已转入活期账户",
民生银行,云闪付凭证：您已支付¥58.50，商户：拼多多,
中信银行,【京东商城】双11狂欢，全场1折起，仅售9.9元，点击领取888元红包，回复TD退订,"被其他通知服务取消, 3天前"
兴业银行,【中国移动】您的话费余额不足10元，点击充值享9折优惠，立即充值送流量,"被其他通知服务取消, 3天前"
云闪付,【兴业银行】您的积分即将过期，可兑换490元礼品卡，点击兑换>>,"被其他通知服务取消, 3天前"
民生银行,"您尾号2858账户10月13日缴纳电费支出人民币1,234.56",
工商银行,【拼多多】恭喜!您已获得现金红包，支付1元即可提现到微信零钱，点击领取,"被其他通知服务取消, 3天前"
招商银行,您尾号4376信用卡5月27日消费人民币12.90，账单日10月8日,
宁波银行,"您尾号6586信用卡12月1日消费人民币1,000.00，账单日10月8日",
兴业银行,"您账户于12月24日发生港币HK$ 320.00消费，折合人民币45,120.00",
招商银行,"微信支付：您有一笔成功交易，付款¥520.00，余额23,908.77",
美团支付,【中国移动】您的话费余额不足10元，点击充值享9折优惠，立即充值送流量,"被其他通知服务取消, 3天前"
北京银行,云闪付凭证：您已支付¥208.80，商户：肯德基,
江苏银行,您账户2263于3月21日01:58收到李四转账人民币151.00,
光大银行,"您账户2337于12月27日存入现金人民币58.50，余额8,231.06",
中国银行,"您账户6872于4月8日发生一笔还款支出人民币186.30，余额102,884.31",
恒丰银行,"您尾号9295账户5月20日结息人民币12,000.00，已转入活期账户",
支付宝,【北京银行】信用卡提额机会！您的卡片可提升至80000元，点击办理>>,"被其他通知服务取消, 3天前"
交通银行,"您账户5569于7月5日存入现金人民币12,000.00，余额13,450.22",
光大银行,"京东支付：您尾号4155卡于11:51消费人民币15,800.00",
上海银行,您尾号2795账户工资代发收入人民币8.00,
兴业银行,"您账户3001于9月2日收到跨行汇入人民币208.80，余额8,231.06",
浙商银行,您尾号6387账户10月14日购买理财支出人民币320.00,
招商银行,"您账户于4月16日发生港币HK$ 320.00消费，折合人民币23,908.77",
中信银行,"您尾号7097账户8月7日缴纳电费支出人民币2,000.00",
工商银行,"您尾号5736的储蓄卡账户1月12日发生快捷支付人民币2,000.00，余额45,120.00",
建设银行,您账户8471于09月18日13:56在【瑞幸咖啡】发生快捷支付扣款，人民币89.10,
民生银行,"【民生银行】您账户155405:39发生快捷支付扣款，人民币12,000.00",
邮储银行,您账户9255发生POS消费人民币208.80，商户：拼多多,
平安银行,"您尾号8884账户9月19日缴纳电费支出人民币12,000.00",
北京银行,"您尾号3052账户7月8日结息人民币3,420.15，已转入活期账户",
华夏银行,微信支付凭证：您已支付¥89.10，商户：国家电网,
京东支付,"您账户于5月1日发生港币HK$ 12,000.00消费，折合人民币685.42",
交通银行,"您账户7116于4月9日11:32向吴伟转账支出人民币208.80，余额8,231.06",
邮储银行,美团支付：您于08:55收款¥89.10，来自周晓芳,
邮储银行,"您尾号8328的账户5月5日向吴伟转账人民币15,800.00成功",
招商银行,"您账户9952于09月21日22:09在【优酷会员】发生快捷支付扣款，人民币12,000.00",
浦发银行,【XX游戏】首充6元送648元宝，点击充值，限时活动今日截止,"被其他通知服务取消, 3天前"
江苏银行,"您账户1400于4月17日存入现金人民币186.30，余额8,231.06",
中信银行,您账户5706发生POS消费人民币208.80，商户：支付宝-天猫,
邮储银行,【XX贷】额度已到账10000元，随借随还，点击提现>>,"被其他通知服务取消, 3天前"
恒丰银行,"您尾号2794账户12月7日21:49在【华为应用市场】消费美元USD 50,000.00，折合人民币1,234.56",
浙商银行,您尾号3895账户工资代发收入人民币99.00,
工商银行,您尾号7781信用卡本期账单人民币186.30已还款成功,
建设银行,【兴业银行】尊敬的客户，您可获得最高50000元信用贷款，日息低至0.02%，点击立即申请，退订回T,"被其他通知服务取消, 3天前"
建设银行,【中国移动】您的话费余额不足10元，点击充值享9折优惠，立即充值送流量,"被其他通知服务取消, 3天前"
华夏银行,"您账户9190于9月12日07:43ATM取现人民币12,000.00，余额13,450.22",
平安银行,您尾号5059账户工资代发收入人民币151.00,
中信银行,您尾号6724信用卡本期应还人民币25.00，最后还款日10月8日,
光大银行,"您账户4633于9月19日01:10收到周晓芳转账人民币15,800.00",
民生银行,"您账户9569于8月16日03:00通过Apple Services支付人民币99.00，余额45,120.00",
宁波银行,【中国移动】您的话费余额不足10元，点击充值享9折优惠，立即充值送流量,"被其他通知服务取消, 3天前"
江苏银行,"美团支付：您尾号1818卡于14:11消费人民币1,234.56",
浙商银行,【邮储银行】您好，我行授予您190000元消费额度，可用于日常消费、房屋装修，点击申请,"被其他通知服务取消, 3天前"
杭州银行,"您账户2749于09月16日12:00在【优酷会员】发生快捷支付扣款，人民币50,000.00",
江苏银行,您账户7863于09月17日15:32在【支付宝-淘宝】发生快捷支付扣款，人民币20.90,
交通银行,"支付宝：您有一笔成功交易，付款¥58.50，余额102,884.31",
建设银行,"京东支付凭证：您已支付¥15,800.00，商户：铁路12306",
京东支付,"您尾号3666的账户7月6日向张三转账人民币1,000.00成功",
杭州银行,"您尾号7503信用卡本期应还人民币5,000.00，最后还款日10月8日",
华夏银行,"您账户8179于12月18日17:24通过肯德基支付人民币888.88，余额8,231.06",
浦发银行,【兴业银行】尊敬的客户，您可获得最高80000元信用贷款，日息低至0.02%，点击立即申请，退订回T,"被其他通知服务取消, 3天前"
招商银行,"您账户于7月21日结息人民币15,800.00，税后利息已入账",
兴业银行,"您账户2475于3月2日06:47收到刘建国转账人民币2,000.00",
恒丰银行,【中国银行】恭喜您获得理财新客礼包，743元现金红包点击领取，先到先得,"被其他通知服务取消, 3天前"
宁波银行,您尾号3143账户发生退款收入人民币186.30，原交易已撤销,
微信支付,"您尾号7389账户11月12日17:07在【支付宝-淘宝】消费美元USD 58.50，折合人民币23,908.77",
民生银行,"云闪付：您有一笔成功交易，付款¥89.10，余额13,450.22",
招商银行,微信支付凭证：您已支付¥8.00，商户：沃尔玛,
中信银行,"您尾号6825账户工资代发收入人民币1,234.56",
江苏银行,【招商银行】尊敬的客户，您可获得最高90000元信用贷款，日息低至0.02%，点击立即申请，退订回T,"被其他通知服务取消, 3天前"
兴业银行,【XX游戏】首充6元送648元宝，点击充值，限时活动今日截止,"被其他通知服务取消, 3天前"
中国银行,您尾号6100账户发生退款收入人民币99.00，原交易已撤销,
平安银行,【中国银行】信用卡提额机会！您的卡片可提升至180000元，点击办理>>,"被其他通知服务取消, 3天前"
上海银行,【北京银行】限时活动：办理分期享0手续费，月供低至628元，点击参与,"被其他通知服务取消, 3天前"
光大银行,【光大银行】您账户820319:28发生快捷支付扣款，人民币25.00,
工商银行,"您账户9085于6月28日收到利息人民币1,000.00，余额13,450.22",
华夏银行,您尾号5604的账户2月3日向张三转账人民币151.00成功,
江苏银行,"您账户2919于11月23日01:21向吴伟转账支出人民币208.80，余额102,884.31",
北京银行,"您尾号8686的储蓄卡账户5月8日发生快捷支付人民币20.90，余额45,120.00",
华夏银行,【XX贷】额度已到账40000元，随借随还，点击提现>>,"被其他通知服务取消, 3天前"
工商银行,微信支付：您于04:46收款¥89.10，来自吴伟,
平安银行,"您账户于4月10日结息人民币2,000.00，税后利息已入账",
浙商银行,【XX分期】零首付购机，月供低至199元，点击办理分期付款，免息30天,"被其他通知服务取消, 3天前"
华夏银行,【中国移动】您的话费余额不足10元，点击充值享9折优惠，立即充值送流量,"被其他通知服务取消, 3天前"
兴业银行,您尾号3244账户6月15日缴纳电费支出人民币99.00,
北京银行,您账户7121于4月13日存入现金人民币89.10，余额685.42,
宁波银行,"您尾号2318账户12月11日缴纳电费支出人民币3,420.15",
华夏银行,"您账户7320于3月19日存入现金人民币3,420.15，余额102,884.31",
华夏银行,"您账户于8月21日发生港币HK$ 888.88消费，折合人民币8,231.06",
民生银行,"您账户于4月21日发生港币HK$ 2,000.00消费，折合人民币1,234.56",
民生银行,"您账户2888于12月6日16:44向周晓芳转账支出人民币1,234.56，余额45,120.00",
交通银行,支付宝：您于07:17收款¥8.00，来自周晓芳,
上海银行,"您账户7339于1月8日10:35通过京东商城支付人民币3,420.15，余额685.42",
恒丰银行,"您账户3239于5月21日发生一笔还款支出人民币320.00，余额13,450.22",
浦发银行,您账户1578于09月10日07:17在【中国石化】发生快捷支付扣款，人民币12.90,
邮储银行,【XX分期】零首付购机，月供低至199元，点击办理分期付款，免息30天,"被其他通知服务取消, 3天前"
云闪付,【XX贷】额度已到账130000元，随借随还，点击提现>>,"被其他通知服务取消, 3天前"
浙商银行,【中国移动】您的话费余额不足10元，点击充值享9折优惠，立即充值送流量,"被其他通知服务取消, 3天前"
上海银行,您尾号4539信用卡本期应还人民币25.00，最后还款日10月8日,
中国银行,"您账户7009于2月1日收到利息人民币89.10，余额102,884.31",
华夏银行,【平安银行】恭喜您获得理财新客礼包，488元现金红包点击领取，先到先得,"被其他通知服务取消, 3天前"
广发银行,"抖音支付：您有一笔成功交易，付款¥5,000.00，余额102,884.31",
建设银行,【民生银行】信用卡提额机会！您的卡片可提升至40000元，点击办理>>,"被其他通知服务取消, 3天前"
建设银行,"您账户3542于7月11日存入现金人民币12,000.00，余额23,908.77",
云闪付,【中国移动】您的话费余额不足10元，点击充值享9折优惠，立即充值送流量,"被其他通知服务取消, 3天前"
上海银行,您账户于8月4日结息人民币320.00，税后利息已入账,
华夏银行,【XX分期】零首付购机，月供低至199元，点击办理分期付款，免息30天,"被其他通知服务取消, 3天前"
浙商银行,"您尾号5436账户3月3日发生代扣支出人民币5,000.00，业务：保险费",
光大银行,"您账户于7月6日发生港币HK$ 25.00消费，折合人民币45,120.00",
邮储银行,【XX贷】额度已到账180000元，随借随还，点击提现>>,"被其他通知服务取消, 3天前"
上海银行,【恒丰银行】尊敬的客户，您可获得最高290000元信用贷款，日息低至0.02%，点击立即申请，退订回T,"被其他通知服务取消, 3天前"
恒丰银行,您尾号4236的账户7月12日向王五转账人民币99.00成功,
邮储银行,您尾号9221账户12月15日14:58在【盒马鲜生】消费美元USD 25.00，折合人民币685.42,
宁波银行,【拼多多】恭喜!您已获得现金红包，支付1元即可提现到微信零钱，点击领取,"被其他通知服务取消, 3天前"
宁波银行,【宁波银行】您账户264309:31发生快捷支付扣款，人民币151.00,
支付宝,【麦当劳】麦麦省本周优惠，11.9元人气汉堡买一送一，倒计时点击领取,"被其他通知服务取消, 3天前"
浦发银行,【浦发银行】您账户379403:18发生快捷支付扣款，人民币8.00,
中信银行,微信支付凭证：您已支付¥99.00，商户：瑞幸咖啡,
平安银行,"支付宝：您于11:07收款¥2,000.00，来自王五",
微信支付,【平安银行】您的积分即将过期，可兑换423元礼品卡，点击兑换>>,"被其他通知服务取消, 3天前"
上海银行,"您账户6641于6月21日收到跨行汇入人民币99.00，余额23,908.77",
平安银行,"您尾号7214账户3月24日发生代扣支出人民币50,000.00，业务：保险费",
农业银行,"您尾号7154账户6月4日18:37在【瑞幸咖啡】消费美元USD 20.90，折合人民币8,231.06",
杭州银行,"您账户2971于6月7日收到跨行汇入人民币99.00，余额1,234.56",
宁波银行,【XX分期】零首付购机，月供低至199元，点击办理分期付款，免息30天,"被其他通知服务取消, 3天前"
上海银行,【建设银行】限时活动：办理分期享0手续费，月供低至104元，点击参与,"被其他通知服务取消, 3天前"
北京银行,"云闪付：您有一笔成功交易，付款¥50,000.00，余额13,450.22",
工商银行,您尾号6425账户4月25日购买理财支出人民币25.00,
工商银行,微信支付退款：您有一笔退款¥25.00已退回，商户：国家电网,
招商银行,【中国移动】您的话费余额不足10元，点击充值享9折优惠，立即充值送流量,"被其他通知服务取消, 3天前"
光大银行,【XX游戏】首充6元送648元宝，点击充值，限时活动今日截止,"被其他通知服务取消, 3天前"
抖音支付,抖音支付退款：您有一笔退款¥20.90已退回，商户：瑞幸咖啡,
恒丰银行,"您账户4387于5月18日15:58ATM取现人民币1,234.56，余额8,231.06",
广发银行,抖音支付凭证：您已支付¥208.80，商户：星巴克,
上海银行,京东支付凭证：您已支付¥99.00，商户：瑞幸咖啡,
浙商银行,"您尾号5953的账户12月14日向周晓芳转账人民币15,800.00成功",
民生银行,您尾号2064信用卡本期账单人民币89.10已还款成功,
交通银行,【杭州银行】恭喜您获得理财新客礼包，197元现金红包点击领取，先到先得,"被其他通知服务取消, 3天前"
邮储银行,您尾号9255账户7月20日缴纳电费支出人民币25.00,
工商银行,您尾号5708账户工资代发收入人民币208.80,
浦发银行,【XX贷】额度已到账70000元，随借随还，点击提现>>,"被其他通知服务取消, 3天前"
民生银行,"您尾号7038信用卡4月24日消费人民币2,000.00，账单日10月8日",
杭州银行,"您账户4763于10月6日00:46通过支付宝-淘宝支付人民币5,000.00，余额13,450.22",
华夏银行,"您尾号3310的储蓄卡账户9月17日发生快捷支付人民币15,800.00，余额1,234.56",
交通银行,您账户4203于09月2日09:16在【抖音支付-环胜电子商务】发生快捷支付扣款，人民币320.00,
杭州银行,微信支付凭证：您已支付¥208.80，商户：支付宝-淘宝,
广发银行,"您尾号1349信用卡4月13日消费人民币5,000.00，账单日10月8日",
光大银行,【浦发银行】您好，我行授予您140000元消费额度，可用于日常消费、房屋装修，点击申请,"被其他通知服务取消, 3天前"
广发银行,"您账户4990于11月18日收到利息人民币2,000.00，余额685.42",
中国银行,您尾号5837账户11月7日购买理财支出人民币25.00,
京东支付,【XX游戏】首充6元送648元宝，点击充值，限时活动今日截止,"被其他通知服务取消, 3天前"
光大银行,"您账户1330于9月24日收到利息人民币520.00，余额8,231.06",
广发银行,您尾号8435账户工资代发收入人民币20.90,
京东支付,【上海银行】限时活动：办理分期享0手续费，月供低至829元，点击参与,"被其他通知服务取消, 3天前"
广发银行,【京东商城】双11狂欢，全场1折起，仅售9.9元，点击领取888元红包，回复TD退订,"被其他通知服务取消, 3天前"
支付宝,【平安银行】您好，我行授予您470000元消费额度，可用于日常消费、房屋装修，点击申请,"被其他通知服务取消, 3天前"
宁波银行,【京东商城】双11狂欢，全场1折起，仅售9.9元，点击领取888元红包，回复TD退订,"被其他通知服务取消, 3天前"
兴业银行,"您尾号6038信用卡本期应还人民币12,000.00，最后还款日10月8日",
恒丰银行,"您尾号7943账户9月21日发生代扣支出人民币3,420.15，业务：水电煤",
邮储银行,美团支付：您有一笔成功交易，付款¥12.90，余额685.42,
中国银行,您账户6208于4月18日20:09收到张三转账人民币25.00,
建设银行,您账户于8月28日结息人民币89.10，税后利息已入账,
浙商银行,"您账户于1月4日发生港币HK$ 15,800.00消费，折合人民币23,908.77",
支付宝,"您账户2310于8月2日存入现金人民币320.00，余额8,231.06",
兴业银行,您尾号5752的账户2月24日向赵六转账人民币58.50成功,
宁波银行,您尾号6959账户1月27日结息人民币208.80，已转入活期账户,
邮储银行,"您账户于12月13日发生港币HK$ 1,000.00消费，折合人民币13,450.22",
平安银行,【宁波银行】信用卡提额机会！您的卡片可提升至170000元，点击办理>>,"被其他通知服务取消, 3天前"
支付宝,您尾号3211信用卡3月23日消费人民币320.00，账单日10月8日,
江苏银行,您尾号9236信用卡6月9日消费人民币520.00，账单日10月8日,
杭州银行,您尾号8360信用卡3月16日消费人民币320.00，账单日10月8日,
浙商银行,"您尾号5170信用卡本期应还人民币1,000.00，最后还款日10月8日",
兴业银行,"您账户2153于10月19日存入现金人民币50,000.00，余额13,450.22",
光大银行,"您尾号7772的账户1月2日向刘建国转账人民币5,000.00成功",
上海银行,"您尾号5016账户4月19日缴纳电费支出人民币5,000.00",
北京银行,"您尾号6051账户9月14日发生代扣支出人民币2,000.00，业务：通信费",
工商银行,"您账户于2月14日发生港币HK$ 50,000.00消费，折合人民币685.42",
光大银行,"您尾号9425账户3月5日缴纳电费支出人民币5,000.00",
交通银行,【交通银行】您账户144720:29发生快捷支付扣款，人民币520.00,
中国银行,【中国移动】您的话费余额不足10元，点击充值享9折优惠，立即充值送流量,"被其他通知服务取消, 3天前"
中国银行,您账户于10月5日结息人民币208.80，税后利息已入账,
农业银行,"您尾号5032信用卡本期应还人民币3,420.15，最后还款日10月8日",
交通银行,"您账户于11月2日发生港币HK$ 5,000.00消费，折合人民币45,120.00",
恒丰银行,美团支付凭证：您已支付¥888.88，商户：Apple Services,
浙商银行,您账户6166于5月22日07:58收到赵六转账人民币208.80,
江苏银行,"美团支付：您于11:42收款¥5,000.00，来自赵六",
交通银行,支付宝退款：您有一笔退款¥888.88已退回，商户：支付宝-淘宝,
微信支付,【中国移动】您的话费余额不足10元，点击充值享9折优惠，立即充值送流量,"被其他通知服务取消, 3天前"
平安银行,"您账户8061于6月13日收到跨行汇入人民币186.30，余额45,120.00",
恒丰银行,"美团支付：您有一笔成功交易，付款¥186.30，余额8,231.06",
邮储银行,您尾号6243账户发生退款收入人民币58.50，原交易已撤销,
浦发银行,【建设银行】恭喜您获得理财新客礼包，591元现金红包点击领取，先到先得,"被其他通知服务取消, 3天前"
北京银行,"您尾号8715账户7月28日购买理财支出人民币1,000.00",
恒丰银行,【恒丰银行】您账户965415:32发生快捷支付扣款，人民币89.10,
美团支付,【华夏银行】信用卡提额机会！您的卡片可提升至160000元，点击办理>>,"被其他通知服务取消, 3天前"
工商银行,"您账户2300于09月25日16:37在【财付通-微信支付-美团外卖】发生快捷支付扣款，人民币3,420.15",
中信银行,"您账户5117于7月26日存入现金人民币8.00，余额1,234.56",
杭州银行,"您账户6117于7月28日22:22收到陈晓明转账人民币2,000.00",
交通银行,【XX分期】零首付购机，月供低至199元，点击办理分期付款，免息30天,"被其他通知服务取消, 3天前"
微信支付,"您账户2370于9月3日收到跨行汇入人民币20.90，余额102,884.31",
恒丰银行,"美团支付退款：您有一笔退款¥12,000.00已退回，商户：盒马鲜生",
农业银行,"【农业银行】您账户705421:29发生快捷支付扣款，人民币50,000.00",
宁波银行,京东支付凭证：您已支付¥8.00，商户：拼多多,
平安银行,支付宝凭证：您已支付¥888.88，商户：支付宝-天猫,
中信银行,"微信支付：您尾号9017卡于07:16消费人民币2,000.00",
中信银行,"您账户3450于3月14日收到跨行汇入人民币3,420.15，余额1,234.56",
中信银行,您尾号4124的账户1月24日向张三转账人民币208.80成功,
杭州银行,"【杭州银行】您账户966517:29发生快捷支付扣款，人民币5,000.00",
兴业银行,云闪付：您于14:31收款¥89.10，来自赵六,
宁波银行,"您账户8058于1月12日发生一笔还款支出人民币8.00，余额1,234.56",
建设银行,"您尾号1668账户发生退款收入人民币50,000.00，原交易已撤销",
平安银行,【中信银行】信用卡提额机会！您的卡片可提升至120000元，点击办理>>,"被其他通知服务取消, 3天前"
微信支付,【浙商银行】限时活动：办理分期享0手续费，月供低至358元，点击参与,"被其他通知服务取消, 3天前"
中国银行,您账户于2月9日发生港币HK$ 320.00消费，折合人民币685.42,
浦发银行,"微信支付退款：您有一笔退款¥5,000.00已退回，商户：肯德基",
支付宝,您账户于6月8日结息人民币20.90，税后利息已入账,
上海银行,"您尾号6063的储蓄卡账户3月28日发生快捷支付人民币99.00，余额13,450.22",
浙商银行,您尾号7099账户发生退款收入人民币20.90，原交易已撤销,
华夏银行,"您尾号5034账户工资代发收入人民币5,000.00",
江苏银行,"您账户于6月18日发生港币HK$ 12.90消费，折合人民币8,231.06",
农业银行,【京东商城】双11狂欢，全场1折起，仅售9.9元，点击领取888元红包，回复TD退订,"被其他通知服务取消, 3天前"
京东支付,【拼多多】恭喜!您已获得现金红包，支付1元即可提现到微信零钱，点击领取,"被其他通知服务取消, 3天前"
上海银行,"您尾号9176账户5月4日购买理财支出人民币5,000.00",
抖音支付,"抖音支付：您尾号2961卡于02:11消费人民币12,000.00",
杭州银行,"微信支付：您于19:29收款¥1,234.56，来自李四",
恒丰银行,"您账户于3月10日发生港币HK$ 520.00消费，折合人民币23,908.77",
交通银行,您账户5959发生POS消费人民币208.80，商户：拼多多,
光大银行,京东支付凭证：您已支付¥520.00，商户：支付宝-淘宝,
上海银行,您账户3999于2月4日18:03收到刘建国转账人民币99.00,
邮储银行,"您尾号4276账户8月15日购买理财支出人民币1,234.56",
工商银行,您账户1219于3月21日19:36收到赵六转账人民币25.00,
宁波银行,"您账户3053于5月18日01:24ATM取现人民币5,000.00，余额13,450.22",
宁波银行,"您账户7778于2月9日收到利息人民币2,000.00，余额13,450.22",
广发银行,"您尾号3193信用卡本期应还人民币1,234.56，最后还款日10月8日",
恒丰银行,您尾号8616信用卡本期应还人民币89.10，最后还款日10月8日,
浦发银行,"您账户于7月13日发生港币HK$ 89.10消费，折合人民币23,908.77",
华夏银行,您尾号5562账户4月5日购买理财支出人民币58.50,
建设银行,"您账户9104于7月11日09:05向赵六转账支出人民币151.00，余额102,884.31",
恒丰银行,"您账户2009发生POS消费人民币1,234.56，商户：支付宝-天猫",
杭州银行,【浙商银行】信用卡提额机会！您的卡片可提升至170000元，点击办理>>,"被其他通知服务取消, 3天前"
建设银行,"您账户4441于1月26日发生一笔还款支出人民币8.00，余额13,450.22",
华夏银行,"您账户6759于3月26日01:55向李四转账支出人民币2,000.00，余额8,231.06",
兴业银行,"您尾号2713账户10月4日03:08在【华为应用市场】消费美元USD 5,000.00，折合人民币13,450.22",
中国银行,云闪付：您尾号6882卡于11:07消费人民币888.88,
浙商银行,【浙商银行】您账户535416:12发生快捷支付扣款，人民币888.88,
平安银行,"您尾号9522的储蓄卡账户2月6日发生快捷支付人民币1,234.56，余额23,908.77",
华夏银行,【杭州银行】恭喜您获得理财新客礼包，877元现金红包点击领取，先到先得,"被其他通知服务取消, 3天前"
工商银行,"您尾号9080信用卡3月24日消费人民币1,234.56，账单日10月8日",
农业银行,您尾号3928的账户5月20日向周晓芳转账人民币151.00成功,
招商银行,【农业银行】恭喜您获得理财新客礼包，213元现金红包点击领取，先到先得,"被其他通知服务取消, 3天前"
交通银行,"您账户3179于6月15日22:12ATM取现人民币12,000.00，余额1,234.56",
广发银行,您账户于3月2日发生港币HK$ 12.90消费，折合人民币685.42,
邮储银行,"您账户4297于2月17日发生一笔还款支出人民币25.00，余额23,908.77",
支付宝,"您尾号6756的储蓄卡账户2月27日发生快捷支付人民币186.30，余额45,120.00",
农业银行,"您账户于5月10日结息人民币12,000.00，税后利息已入账",
浦发银行,"您账户8925于12月9日发生一笔还款支出人民币888.88，余额45,120.00",
中信银行,"您尾号7929账户12月25日23:02在【抖音支付-环胜电子商务】消费美元USD 12,000.00，折合人民币23,908.77",
广发银行,您尾号2608账户2月13日缴纳电费支出人民币99.00,
宁波银行,"您账户5723于9月18日收到跨行汇入人民币320.00，余额23,908.77",
中国银行,您尾号9337账户6月6日缴纳电费支出人民币320.00,
民生银行,"云闪付：您尾号7962卡于09:08消费人民币12,000.00",
交通银行,"您账户3725于2月18日收到跨行汇入人民币3,420.15，余额685.42",
抖音支付,【拼多多】恭喜!您已获得现金红包，支付1元即可提现到微信零钱，点击领取,"被其他通知服务取消, 3天前"
美团支付,"您账户8519于10月2日18:35ATM取现人民币89.10，余额45,120.00",
宁波银行,"京东支付：您有一笔成功交易，付款¥50,000.00，余额13,450.22",
浦发银行,"您账户1578于5月11日00:17ATM取现人民币99.00，余额23,908.77",
恒丰银行,"美团支付：您尾号3456卡于07:14消费人民币15,800.00",
招商银行,"您尾号5770的账户10月7日向李四转账人民币3,420.15成功",
华夏银行,"您账户2567于10月8日发生一笔还款支出人民币15,800.00，余额13,450.22",
邮储银行,您尾号6260账户6月6日结息人民币12.90，已转入活期账户,
浙商银行,"您账户7176于7月18日07:34通过国家电网支付人民币1,234.56，余额685.42",
农业银行,"您尾号7301账户工资代发收入人民币12,000.00",
江苏银行,"您尾号7667账户7月10日缴纳电费支出人民币2,000.00",
支付宝,【XX分期】零首付购机，月供低至199元，点击办理分期付款，免息30天,"被其他通知服务取消, 3天前"
招商银行,您尾号7546账户6月17日结息人民币8.00，已转入活期账户,
恒丰银行,"您尾号7548账户9月28日购买理财支出人民币2,000.00",
恒丰银行,"您账户8191于10月2日10:21通过优酷会员支付人民币1,234.56，余额1,234.56",
平安银行,您尾号9600的账户7月24日向李四转账人民币20.90成功,
杭州银行,"您尾号7709账户工资代发收入人民币1,234.56",
中信银行,您账户于2月28日结息人民币58.50，税后利息已入账,
邮储银行,您尾号8284的储蓄卡账户11月3日发生快捷支付人民币12.90，余额685.42,
交通银行,"您尾号1659信用卡4月3日消费人民币1,234.56，账单日10月8日",
杭州银行,"您账户于9月21日结息人民币1,234.56，税后利息已入账",
杭州银行,"您账户于10月25日发生港币HK$ 320.00消费，折合人民币13,450.22",
云闪付,【广发银行】您好，我行授予您70000元消费额度，可用于日常消费、房屋装修，点击申请,"被其他通知服务取消, 3天前"
浦发银行,"您尾号9477账户4月26日10:21在【中国石化】消费美元USD 1,000.00，折合人民币8,231.06",
平安银行,"您账户2468于9月16日收到利息人民币8.00，余额8,231.06",
民生银行,【麦当劳】麦麦省本周优惠，11.9元人气汉堡买一送一，倒计时点击领取,"被其他通知服务取消, 3天前"
农业银行,您尾号8557账户发生退款收入人民币20.90，原交易已撤销,
华夏银行,【交通银行】限时活动：办理分期享0手续费，月供低至837元，点击参与,"被其他通知服务取消, 3天前"
华夏银行,您账户5452于09月7日08:12在【盒马鲜生】发生快捷支付扣款，人民币186.30,
江苏银行,【宁波银行】恭喜您获得理财新客礼包，371元现金红包点击领取，先到先得,"被其他通知服务取消, 3天前"
华夏银行,【邮储银行】尊敬的客户，您可获得最高50000元信用贷款，日息低至0.02%，点击立即申请，退订回T,"被其他通知服务取消, 3天前"
广发银行,【交通银行】您好，我行授予您170000元消费额度，可用于日常消费、房屋装修，点击申请,"被其他通知服务取消, 3天前"
招商银行,"您账户4648于10月10日13:06通过抖音支付-环胜电子商务支付人民币1,234.56，余额8,231.06",
招商银行,您尾号7755账户发生退款收入人民币25.00，原交易已撤销,
平安银行,"您账户2390于6月5日23:48通过中国石化支付人民币3,420.15，余额102,884.31",
广发银行,您尾号9900账户2月21日结息人民币208.80，已转入活期账户,
中信银行,"微信支付退款：您有一笔退款¥12,000.00已退回，商户：财付通-微信支付-滴滴出行",
建设银行,"您账户1198于12月22日21:54通过肯德基支付人民币50,000.00，余额1,234.56",
招商银行,"您账户8090于8月9日收到跨行汇入人民币12.90，余额23,908.77",
江苏银行,"您账户1257于4月17日07:26ATM取现人民币888.88，余额1,234.56",
江苏银行,"您账户5673于12月27日收到利息人民币50,000.00，余额23,908.77",
浙商银行,"微信支付退款：您有一笔退款¥1,000.00已退回，商户：中国移动",
建设银行,"您账户3102于12月21日收到利息人民币8.00，余额8,231.06",
美团支付,您账户3681于12月1日存入现金人民币8.00，余额685.42,
兴业银行,"您账户7532于1月10日14:21ATM取现人民币320.00，余额13,450.22",
光大银行,"您尾号2798信用卡本期账单人民币2,000.00已还款成功",
民生银行,【XX分期】零首付购机，月供低至199元，点击办理分期付款，免息30天,"被其他通知服务取消, 3天前"
浙商银行,"您账户8593于2月14日收到利息人民币2,000.00，余额102,884.31",
招商银行,"您账户3176于1月20日发生一笔还款支出人民币5,000.00，余额685.42",
民生银行,"您账户8068于8月28日10:03ATM取现人民币58.50，余额13,450.22",
恒丰银行,您尾号2374账户6月21日缴纳电费支出人民币58.50,
平安银行,"您账户4982于12月15日15:15向李四转账支出人民币5,000.00，余额13,450.22",
平安银行,您尾号2308信用卡本期应还人民币25.00，最后还款日10月8日,
北京银行,"您账户2900于9月13日03:36通过中国石化支付人民币1,000.00，余额8,231.06",
北京银行,"您账户于6月11日发生港币HK$ 520.00消费，折合人民币45,120.00",
抖音支付,【中国移动】您的话费余额不足10元，点击充值享9折优惠，立即充值送流量,"被其他通知服务取消, 3天前"
广发银行,您账户3010于11月15日存入现金人民币8.00，余额685.42,
交通银行,支付宝凭证：您已支付¥99.00，商户：京东商城,
华夏银行,您尾号3318信用卡本期账单人民币25.00已还款成功,
杭州银行,【浦发银行】信用卡提额机会！您的卡片可提升至90000元，点击办理>>,"被其他通知服务取消, 3天前"
浦发银行,【XX保险】您的账户可领取理赔金2000元，点击认证领取，限时3天,"被其他通知服务取消, 3天前"
民生银行,【拼多多】恭喜!您已获得现金红包，支付1元即可提现到微信零钱，点击领取,"被其他通知服务取消, 3天前"
中国银行,【建设银行】您好，我行授予您50000元消费额度，可用于日常消费、房屋装修，点击申请,"被其他通知服务取消, 3天前"
北京银行,"您尾号4461账户工资代发收入人民币3,420.15",
招商银行,【中国移动】您的话费余额不足10元，点击充值享9折优惠，立即充值送流量,"被其他通知服务取消, 3天前"
浦发银行,"您尾号5328信用卡7月1日消费人民币50,000.00，账单日10月8日",
邮储银行,您账户于10月21日结息人民币520.00，税后利息已入账,
广发银行,"您账户于3月8日结息人民币50,000.00，税后利息已入账",
民生银行,"您尾号1495信用卡本期应还人民币1,000.00，最后还款日10月8日",
浦发银行,您账户6235于6月23日存入现金人民币20.90，余额685.42,
宁波银行,您账户4401发生POS消费人民币12.90，商户：肯德基,
上海银行,"您账户5488发生POS消费人民币5,000.00，商户：中国电信",
平安银行,您账户4869发生POS消费人民币520.00，商户：支付宝-天猫,
浦发银行,"您账户2305于6月7日收到跨行汇入人民币58.50，余额13,450.22",
招商银行,【XX保险】您的账户可领取理赔金2000元，点击认证领取，限时3天,"被其他通知服务取消, 3天前"
民生银行,"您账户5157于09月23日19:11在【星巴克】发生快捷支付扣款，人民币1,234.56",
中国银行,【民生银行】限时活动：办理分期享0手续费，月供低至227元，点击参与,"被其他通知服务取消, 3天前"
平安银行,您账户8443于11月21日16:58收到张三转账人民币186.30,
浙商银行,"您账户6103于7月15日14:06向周晓芳转账支出人民币8.00，余额8,231.06",
云闪付,"您账户于4月25日发生港币HK$ 20.90消费，折合人民币13,450.22",
交通银行,"您尾号9938的储蓄卡账户5月24日发生快捷支付人民币3,420.15，余额45,120.00",
浙商银行,您账户于1月22日结息人民币151.00，税后利息已入账,
农业银行,【XX贷】额度已到账110000元，随借随还，点击提现>>,"被其他通知服务取消, 3天前"
光大银行,"您账户9263于3月17日09:19向张三转账支出人民币2,000.00，余额45,120.00",
建设银行,"京东支付：您有一笔成功交易，付款¥50,000.00，余额45,120.00",
京东支付,【麦当劳】麦麦省本周优惠，11.9元人气汉堡买一送一，倒计时点击领取,"被其他通知服务取消, 3天前"
北京银行,"您尾号4666账户4月1日缴纳电费支出人民币2,000.00",
京东支付,【民生银行】恭喜您获得理财新客礼包，830元现金红包点击领取，先到先得,"被其他通知服务取消, 3天前"
上海银行,"您账户3287于10月17日00:58向李四转账支出人民币1,000.00，余额13,450.22",
广发银行,【光大银行】恭喜您获得理财新客礼包，711元现金红包点击领取，先到先得,"被其他通知服务取消, 3天前"
江苏银行,"您账户5286于2月16日09:36通过优酷会员支付人民币58.50，余额102,884.31",
江苏银行,"您尾号3641的储蓄卡账户12月22日发生快捷支付人民币89.10，余额13,450.22",
云闪付,您尾号4416账户4月25日发生代扣支出人民币320.00，业务：物业费,
中信银行,"您账户4202于1月10日16:07向王五转账支出人民币1,000.00，余额13,450.22",
邮储银行,您尾号6831信用卡本期应还人民币320.00，最后还款日10月8日,
抖音支付,【中信银行】您的积分即将过期，可兑换492元礼品卡，点击兑换>>,"被其他通知服务取消, 3天前"
兴业银行,"云闪付：您有一笔成功交易，付款¥2,000.00，余额102,884.31",
杭州银行,【中国移动】您的话费余额不足10元，点击充值享9折优惠，立即充值送流量,"被其他通知服务取消, 3天前"
宁波银行,【浦发银行】尊敬的客户，您可获得最高120000元信用贷款，日息低至0.02%，点击立即申请，退订回T,"被其他通知服务取消, 3天前"
北京银行,"您尾号3999信用卡本期账单人民币12,000.00已还款成功",
华夏银行,"您尾号6943账户3月19日结息人民币1,000.00，已转入活期账户",
农业银行,"您尾号3695账户12月25日发生代扣支出人民币1,000.00，业务：通信费",
浦发银行,您尾号4868的账户9月25日向周晓芳转账人民币89.10成功,
中信银行,【麦当劳】麦麦省本周优惠，11.9元人气汉堡买一送一，倒计时点击领取,"被其他通知服务取消, 3天前"
北京银行,您账户6694于3月4日16:42收到李四转账人民币12.90,
交通银行,您尾号5297账户发生退款收入人民币320.00，原交易已撤销,
杭州银行,【民生银行】您的积分即将过期，可兑换374元礼品卡，点击兑换>>,"被其他通知服务取消, 3天前"
中国银行,"您尾号9613的账户2月4日向赵六转账人民币5,000.00成功",
农业银行,云闪付退款：您有一笔退款¥25.00已退回，商户：财付通-微信支付-美团外卖,
华夏银行,您尾号6780账户9月17日缴纳电费支出人民币89.10,
农业银行,您尾号3742信用卡本期账单人民币89.10已还款成功,
光大银行,"您账户2876于5月28日22:38通过财付通-微信支付-滴滴出行支付人民币2,000.00，余额685.42",
交通银行,【广发银行】您好，我行授予您430000元消费额度，可用于日常消费、房屋装修，点击申请,"被其他通知服务取消, 3天前"
中信银行,"您账户于9月6日发生港币HK$ 15,800.00消费，折合人民币1,234.56",
光大银行,您尾号8514信用卡11月19日消费人民币8.00，账单日10月8日,
杭州银行,"微信支付：您有一笔成功交易，付款¥50,000.00，余额23,908.77",
招商银行,"您账户7191于9月21日存入现金人民币15,800.00，余额13,450.22",
恒丰银行,"您账户6993于11月13日存入现金人民币2,000.00，余额1,234.56",
浙商银行,【民生银行】限时活动：办理分期享0手续费，月供低至640元，点击参与,"被其他通知服务取消, 3天前"
云闪付,您尾号3493账户9月5日购买理财支出人民币151.00,
民生银行,【麦当劳】麦麦省本周优惠，11.9元人气汉堡买一送一，倒计时点击领取,"被其他通知服务取消, 3天前"
农业银行,您尾号4897账户8月17日结息人民币320.00，已转入活期账户,
交通银行,"您账户9785于3月26日收到利息人民币58.50，余额23,908.77",
广发银行,"抖音支付退款：您有一笔退款¥50,000.00已退回，商户：财付通-微信支付-美团外卖",
上海银行,【XX游戏】首充6元送648元宝，点击充值，限时活动今日截止,"被其他通知服务取消, 3天前"
招商银行,您尾号4928信用卡本期应还人民币25.00，最后还款日10月8日,
北京银行,"【北京银行】您账户313209:03发生快捷支付扣款，人民币3,420.15",
中国银行,"您账户6621于10月24日21:10向吴伟转账支出人民币5,000.00，余额102,884.31",
恒丰银行,"您账户2097于10月17日收到跨行汇入人民币99.00，余额8,231.06",
光大银行,"您尾号2434账户10月17日22:16在【支付宝-淘宝】消费美元USD 99.00，折合人民币13,450.22",
云闪付,【XX游戏】首充6元送648元宝，点击充值，限时活动今日截止,"被其他通知服务取消, 3天前"
宁波银行,您账户2472于09月20日06:53在【华为应用市场】发生快捷支付扣款，人民币320.00,
抖音支付,您尾号4251账户7月20日缴纳电费支出人民币20.90,
民生银行,您尾号7991账户10月17日发生代扣支出人民币520.00，业务：通信费,
建设银行,您账户于11月23日发生港币HK$ 89.10消费，折合人民币685.42,
恒丰银行,"您尾号6365信用卡本期账单人民币50,000.00已还款成功",
平安银行,【上海银行】尊敬的客户，您可获得最高140000元信用贷款，日息低至0.02%，点击立即申请，退订回T,"被其他通知服务取消, 3天前"
工商银行,您尾号6242信用卡本期应还人民币888.88，最后还款日10月8日,
浙商银行,【XX游戏】首充6元送648元宝，点击充值，限时活动今日截止,"被其他通知服务取消, 3天前"
工商银行,【民生银行】限时活动：办理分期享0手续费，月供低至534元，点击参与,"被其他通知服务取消, 3天前"
北京银行,"云闪付退款：您有一笔退款¥12,000.00已退回，商户：京东商城",
支付宝,【京东商城】双11狂欢，全场1折起，仅售9.9元，点击领取888元红包，回复TD退订,"被其他通知服务取消, 3天前"
上海银行,"您账户9723于9月22日存入现金人民币12.90，余额102,884.31",
中信银行,"您尾号6093账户10月23日结息人民币3,420.15，已转入活期账户",
华夏银行,【XX保险】您的账户可领取理赔金2000元，点击认证领取，限时3天,"被其他通知服务取消, 3天前"
浙商银行,【宁波银行】信用卡提额机会！您的卡片可提升至40000元，点击办理>>,"被其他通知服务取消, 3天前"
江苏银行,"您尾号2201信用卡本期账单人民币5,000.00已还款成功",
光大银行,您尾号2408账户7月21日结息人民币8.00，已转入活期账户,
上海银行,"您尾号8170账户发生退款收入人民币3,420.15，原交易已撤销",
浙商银行,"您尾号5193信用卡本期账单人民币1,000.00已还款成功",
广发银行,您尾号8600账户发生退款收入人民币8.00，原交易已撤销,
光大银行,京东支付：您有一笔成功交易，付款¥151.00，余额685.42,
交通银行,【淘宝】您有3张共829元消费券待领取，限时免费领取，点此立即领>>,"被其他通知服务取消, 3天前"
宁波银行,"您尾号4752的储蓄卡账户7月17日发生快捷支付人民币15,800.00，余额8,231.06",
工商银行,您尾号1049账户9月20日结息人民币208.80，已转入活期账户,
江苏银行,【麦当劳】麦麦省本周优惠，11.9元人气汉堡买一送一，倒计时点击领取,"被其他通知服务取消, 3天前"
民生银行,"云闪付：您于10:54收款¥5,000.00，来自陈晓明",
广发银行,"您账户3064于2月4日12:56向赵六转账支出人民币1,234.56，余额1,234.56",
光大银行,您账户8940发生POS消费人民币58.50，商户：拼多多,
建设银行,您尾号1730账户工资代发收入人民币186.30,
招商银行,【XX游戏】首充6元送648元宝，点击充值，限时活动今日截止,"被其他通知服务取消, 3天前"
浦发银行,您账户3437发生POS消费人民币151.00，商户：京东商城,
微信支付,"您账户4197于7月9日收到跨行汇入人民币520.00，余额1,234.56",
江苏银行,您尾号2650的账户12月13日向周晓芳转账人民币25.00成功,
江苏银行,【麦当劳】麦麦省本周优惠，11.9元人气汉堡买一送一，倒计时点击领取,"被其他通知服务取消, 3天前"
浦发银行,【麦当劳】麦麦省本周优惠，11.9元人气汉堡买一送一，倒计时点击领取,"被其他通知服务取消, 3天前"
民生银行,【拼多多】恭喜!您已获得现金红包，支付1元即可提现到微信零钱，点击领取,"被其他通知服务取消, 3天前"
华夏银行,您尾号3137信用卡10月24日消费人民币8.00，账单日10月8日,
恒丰银行,"您账户8306于10月3日09:34向周晓芳转账支出人民币12,000.00，余额23,908.77",
邮储银行,"您账户1811于1月24日收到跨行汇入人民币12.90，余额1,234.56",
支付宝,"支付宝：您有一笔成功交易，付款¥1,234.56，余额685.42",
中信银行,您尾号7636账户发生退款收入人民币99.00，原交易已撤销,
广发银行,您账户6394于09月1日12:18在【Apple Services】发生快捷支付扣款，人民币58.50,
民生银行,"您账户8728于6月16日收到跨行汇入人民币151.00，余额102,884.31",
北京银行,【拼多多】恭喜!您已获得现金红包，支付1元即可提现到微信零钱，点击领取,"被其他通知服务取消, 3天前"
华夏银行,【京东商城】双11狂欢，全场1折起，仅售9.9元，点击领取888元红包，回复TD退订,"被其他通知服务取消, 3天前"
抖音支付,"抖音支付：您有一笔成功交易，付款¥3,420.15，余额8,231.06",
北京银行,"您尾号2518账户4月4日09:45在【瑞幸咖啡】消费美元USD 15,800.00，折合人民币1,234.56",
建设银行,"您账户9358于6月2日02:23ATM取现人民币186.30，余额23,908.77",
华夏银行,您账户8850发生POS消费人民币58.50，商户：小米科技有限责任公司,
江苏银行,您尾号5919账户7月28日结息人民币888.88，已转入活期账户,
华夏银行,"您尾号6045账户12月6日05:56在【铁路12306】消费美元USD 50,000.00，折合人民币1,234.56",
平安银行,"您账户1654于3月18日00:27ATM取现人民币320.00，余额23,908.77",
招商银行,"您账户4597于6月2日收到利息人民币50,000.00，余额685.42",
华夏银行,"您账户1543于9月14日19:44收到陈晓明转账人民币15,800.00",
京东支付,"您账户7204于10月28日收到跨行汇入人民币888.88，余额1,234.56",
建设银行,您尾号5185的账户7月22日向赵六转账人民币89.10成功,
中信银行,"您尾号5815的储蓄卡账户5月6日发生快捷支付人民币1,000.00，余额102,884.31",
平安银行,"支付宝：您有一笔成功交易，付款¥1,000.00，余额102,884.31",
兴业银行,"您账户3846于8月2日10:04通过中国移动支付人民币15,800.00，余额13,450.22",
建设银行,您尾号4251账户9月22日购买理财支出人民币320.00,
中国银行,您账户8766于4月15日09:51通过支付宝-天猫支付人民币888.88，余额685.42,
交通银行,您账户于2月28日结息人民币25.00，税后利息已入账,
江苏银行,"美团支付：您有一笔成功交易，付款¥99.00，余额1,234.56",
兴业银行,您尾号4125账户6月10日购买理财支出人民币888.88,
杭州银行,"您账户2195于5月19日09:31ATM取现人民币89.10，余额1,234.56",
浦发银行,【XX游戏】首充6元送648元宝，点击充值，限时活动今日截止,"被其他通知服务取消, 3天前"
中国银行,"【中国银行】您账户576716:09发生快捷支付扣款，人民币12,000.00",
上海银行,"您尾号3487账户2月9日结息人民币1,000.00，已转入活期账户",
美团支付,【XX分期】零首付购机，月供低至199元，点击办理分期付款，免息30天,"被其他通知服务取消, 3天前"
宁波银行,您尾号4389账户2月26日购买理财支出人民币888.88,
建设银行,京东支付：您于11:52收款¥151.00，来自王五,
中国银行,您账户1947于7月5日存入现金人民币58.50，余额685.42,
招商银行,"微信支付：您尾号2193卡于21:02消费人民币3,420.15",
民生银行,"您尾号2981的储蓄卡账户12月20日发生快捷支付人民币151.00，余额8,231.06",
美团支付,【民生银行】尊敬的客户，您可获得最高160000元信用贷款，日息低至0.02%，点击立即申请，退订回T,"被其他通知服务取消, 3天前"
招商银行,"您尾号8950账户4月27日购买理财支出人民币2,000.00",
华夏银行,【中国移动】您的话费余额不足10元，点击充值享9折优惠，立即充值送流量,"被其他通知服务取消, 3天前"
邮储银行,"您尾号7288信用卡9月9日消费人民币1,234.56，账单日10月8日",
江苏银行,"美团支付退款：您有一笔退款¥1,234.56已退回，商户：拼多多",
恒丰银行,【麦当劳】麦麦省本周优惠，11.9元人气汉堡买一送一，倒计时点击领取,"被其他通知服务取消, 3天前"
宁波银行,您尾号3727信用卡本期应还人民币520.00，最后还款日10月8日,
工商银行,您账户于7月11日结息人民币89.10，税后利息已入账,
兴业银行,您尾号2448信用卡5月5日消费人民币20.90，账单日10月8日,
农业银行,"您尾号9250账户2月22日缴纳电费支出人民币5,000.00",
中信银行,"您账户9141于09月26日05:22在【中国石化】发生快捷支付扣款，人民币2,000.00",
京东支付,"您账户5870发生POS消费人民币15,800.00，商户：财付通-微信支付-滴滴出行",
工商银行,【建设银行】尊敬的客户，您可获得最高20000元信用贷款，日息低至0.02%，点击立即申请，退订回T,"被其他通知服务取消, 3天前"
华夏银行,【XX保险】您的账户可领取理赔金2000元，点击认证领取，限时3天,"被其他通知服务取消, 3天前"
招商银行,【拼多多】恭喜!您已获得现金红包，支付1元即可提现到微信零钱，点击领取,"被其他通知服务取消, 3天前"
工商银行,"您尾号8972的账户7月1日向刘建国转账人民币3,420.15成功",
杭州银行,"您尾号5053账户发生退款收入人民币5,000.00，原交易已撤销",
邮储银行,"您账户4731于8月3日存入现金人民币99.00，余额13,450.22",
云闪付,您账户1978于09月24日16:29在【瑞幸咖啡】发生快捷支付扣款，人民币151.00,
美团支付,"您账户5261发生POS消费人民币12,000.00，商户：支付宝-天猫",
微信支付,【中信银行】恭喜您获得理财新客礼包，380元现金红包点击领取，先到先得,"被其他通知服务取消, 3天前"
浦发银行,"微信支付：您于12:03收款¥50,000.00，来自吴伟",
京东支付,【麦当劳】麦麦省本周优惠，11.9元人气汉堡买一送一，倒计时点击领取,"被其他通知服务取消, 3天前"
中国银行,"云闪付退款：您有一笔退款¥1,000.00已退回，商户：铁路12306",
邮储银行,"您账户2166于09月24日20:54在【中国石化】发生快捷支付扣款，人民币1,000.00",
邮储银行,【京东商城】双11狂欢，全场1折起，仅售9.9元，点击领取888元红包，回复TD退订,"被其他通知服务取消, 3天前"
杭州银行,您尾号4086的账户11月28日向张三转账人民币186.30成功,
浦发银行,"您尾号3476账户7月6日缴纳电费支出人民币12,000.00",
京东支付,"您账户5376于6月27日16:10通过中国电信支付人民币50,000.00，余额23,908.77",
中国银行,您尾号4069账户1月25日发生代扣支出人民币186.30，业务：物业费,
华夏银行,微信支付：您于23:33收款¥320.00，来自陈晓明,
光大银行,"您尾号3748账户4月26日发生代扣支出人民币50,000.00，业务：物业费",
光大银行,"您账户7728于2月28日收到跨行汇入人民币1,000.00，余额45,120.00",
兴业银行,【中国银行】限时活动：办理分期享0手续费，月供低至936元，点击参与,"被其他通知服务取消, 3天前"
工商银行,【工商银行】您账户849801:10发生快捷支付扣款，人民币320.00,
光大银行,"您账户7124于11月13日20:00ATM取现人民币208.80，余额45,120.00",
平安银行,"您尾号6458账户7月19日08:43在【支付宝-天猫】消费美元USD 58.50，折合人民币13,450.22",
北京银行,"您账户2946于4月14日收到跨行汇入人民币50,000.00，余额102,884.31",
支付宝,【宁波银行】您的积分即将过期，可兑换389元礼品卡，点击兑换>>,"被其他通知服务取消, 3天前"
宁波银行,"您账户于1月4日发生港币HK$ 25.00消费，折合人民币45,120.00",
杭州银行,"您账户4945于4月13日收到利息人民币89.10，余额23,908.77",
京东支付,您尾号5506账户8月9日17:38在【支付宝-天猫】消费美元USD 320.00，折合人民币685.42,
北京银行,您尾号5957账户发生退款收入人民币58.50，原交易已撤销,
民生银行,您尾号4883账户3月25日购买理财支出人民币89.10,
交通银行,"您尾号5777账户8月26日购买理财支出人民币50,000.00",
杭州银行,"您账户7825于5月18日15:09向张三转账支出人民币208.80，余额8,231.06",
兴业银行,您尾号8793信用卡本期账单人民币25.00已还款成功,
宁波银行,您尾号6978账户工资代发收入人民币8.00,
浙商银行,"您尾号5138账户9月27日14:25在【中国移动】消费美元USD 5,000.00，折合人民币23,908.77",
抖音支付,"您账户于11月27日发生港币HK$ 89.10消费，折合人民币1,234.56",
江苏银行,【华夏银行】恭喜您获得理财新客礼包，692元现金红包点击领取，先到先得,"被其他通知服务取消, 3天前"
美团支付,"美团支付：您有一笔成功交易，付款¥1,000.00，余额685.42",
工商银行,"您账户2379于5月27日收到跨行汇入人民币1,000.00，余额102,884.31",
美团支付,"【江苏银行】您账户266000:17发生快捷支付扣款，人民币2,000.00",
工商银行,"您尾号8573账户4月7日07:54在【优酷会员】消费美元USD 20.90，折合人民币102,884.31",
农业银行,您账户8956于8月19日存入现金人民币208.80，余额685.42,
光大银行,【浦发银行】限时活动：办理分期享0手续费，月供低至273元，点击参与,"被其他通知服务取消, 3天前"
民生银行,您尾号6529的账户2月1日向张三转账人民币20.90成功,
交通银行,支付宝：您尾号1802卡于19:32消费人民币186.30,
浦发银行,"您尾号4838的储蓄卡账户8月12日发生快捷支付人民币15,800.00，余额8,231.06",
宁波银行,您尾号4880的账户9月24日向张三转账人民币25.00成功,
工商银行,【XX游戏】首充6元送648元宝，点击充值，限时活动今日截止,"被其他通知服务取消, 3天前"
浙商银行,您尾号3654账户3月24日缴纳电费支出人民币20.90,
邮储银行,【XX分期】零首付购机，月供低至199元，点击办理分期付款，免息30天,"被其他通知服务取消, 3天前"
恒丰银行,"您账户9058于8月2日19:57收到吴伟转账人民币15,800.00",
中信银行,"您尾号1736信用卡本期账单人民币5,000.00已还款成功",
上海银行,京东支付：您尾号7845卡于20:01消费人民币208.80,
招商银行,"您尾号9692账户5月13日18:01在【支付宝-天猫】消费美元USD 15,800.00，折合人民币685.42",
华夏银行,微信支付退款：您有一笔退款¥208.80已退回，商户：拼多多,
抖音支付,"抖音支付：您尾号1271卡于15:46消费人民币1,000.00",
邮储银行,"您尾号2115信用卡本期账单人民币2,000.00已还款成功",
工商银行,您账户8154于4月3日存入现金人民币320.00，余额685.42,
北京银行,您账户于12月15日结息人民币20.90，税后利息已入账,
浙商银行,您尾号8089账户6月4日结息人民币58.50，已转入活期账户,
光大银行,"您账户6305于7月20日发生一笔还款支出人民币1,234.56，余额8,231.06",
中信银行,"您账户3753于10月17日03:39通过Apple Services支付人民币1,000.00，余额685.42",
北京银行,云闪付：您尾号9732卡于22:37消费人民币12.90,
云闪付,【麦当劳】麦麦省本周优惠，11.9元人气汉堡买一送一，倒计时点击领取,"被其他通知服务取消, 3天前"
交通银行,"您尾号3722账户4月9日17:10在【京东商城】消费美元USD 5,000.00，折合人民币102,884.31",
兴业银行,"您账户5090于6月18日收到利息人民币12.90，余额102,884.31",
招商银行,【拼多多】恭喜!您已获得现金红包，支付1元即可提现到微信零钱，点击领取,"被其他通知服务取消, 3天前"
光大银行,【麦当劳】麦麦省本周优惠，11.9元人气汉堡买一送一，倒计时点击领取,"被其他通知服务取消, 3天前"
广发银行,您账户8985于12月11日00:34收到张三转账人民币25.00,
兴业银行,您账户于7月1日结息人民币520.00，税后利息已入账,
浙商银行,微信支付：您尾号6139卡于15:56消费人民币12.90,
邮储银行,【XX贷】额度已到账150000元，随借随还，点击提现>>,"被其他通知服务取消, 3天前"
农业银行,"您账户4364于8月10日09:08通过华为应用市场支付人民币8.00，余额1,234.56",
招商银行,微信支付：您于18:42收款¥186.30，来自赵六,
交通银行,"您尾号2958信用卡本期应还人民币12,000.00，最后还款日10月8日",
招商银行,"您尾号3732账户工资代发收入人民币5,000.00",
民生银行,"您账户于3月14日结息人民币1,234.56，税后利息已入账",
建设银行,【建设银行】您账户887014:53发生快捷支付扣款，人民币320.00,
邮储银行,"您账户7766于7月10日04:19向吴伟转账支出人民币12.90，余额1,234.56",
江苏银行,您尾号4870账户3月6日购买理财支出人民币58.50,
恒丰银行,【招商银行】信用卡提额机会！您的卡片可提升至90000元，点击办理>>,"被其他通知服务取消, 3天前"
中国银行,【浦发银行】尊敬的客户，您可获得最高40000元信用贷款，日息低至0.02%，点击立即申请，退订回T,"被其他通知服务取消, 3天前"
交通银行,"您尾号2738账户5月5日发生代扣支出人民币15,800.00，业务：物业费",
广发银行,【XX贷】额度已到账50000元，随借随还，点击提现>>,"被其他通知服务取消, 3天前"
兴业银行,"您账户8162发生POS消费人民币50,000.00，商户：财付通-微信支付-滴滴出行",
民生银行,"您账户4303于11月17日收到利息人民币20.90，余额102,884.31",
上海银行,"您账户8215于3月13日发生一笔还款支出人民币99.00，余额45,120.00",
建设银行,您尾号8762信用卡本期账单人民币20.90已还款成功,
支付宝,"您尾号6699账户11月28日结息人民币50,000.00，已转入活期账户",
宁波银行,"您尾号3732账户7月6日发生代扣支出人民币3,420.15，业务：水电煤",
中信银行,您账户3986于12月23日16:14收到李四转账人民币99.00,
宁波银行,您账户8359于1月25日19:04收到李四转账人民币520.00,
平安银行,您尾号7296账户6月4日结息人民币888.88，已转入活期账户,
工商银行,微信支付：您尾号9601卡于23:27消费人民币8.00,
邮储银行,"您尾号4055账户5月23日发生代扣支出人民币12,000.00，业务：保险费",
美团支付,您账户9323于1月18日00:29通过星巴克支付人民币888.88，余额685.42,
浙商银行,【招商银行】您好，我行授予您370000元消费额度，可用于日常消费、房屋装修，点击申请,"被其他通知服务取消, 3天前"
浙商银行,您账户3227发生POS消费人民币89.10，商户：中国石化,
中国银行,【XX游戏】首充6元送648元宝，点击充值，限时活动今日截止,"被其他通知服务取消, 3天前"
民生银行,【建设银行】限时活动：办理分期享0手续费，月供低至621元，点击参与,"被其他通知服务取消, 3天前"
招商银行,"您账户8257于9月11日11:28向赵六转账支出人民币12.90，余额13,450.22",
恒丰银行,您账户4209于09月9日02:57在【中国移动】发生快捷支付扣款，人民币520.00,
云闪付,"您账户8746于11月7日收到跨行汇入人民币5,000.00，余额8,231.06",
杭州银行,"您尾号7839账户4月6日缴纳电费支出人民币50,000.00",
招商银行,"您尾号5179账户8月8日缴纳电费支出人民币3,420.15",
农业银行,"您尾号5885账户10月27日购买理财支出人民币50,000.00",
上海银行,"您尾号4452信用卡本期账单人民币3,420.15已还款成功",
中国银行,【XX贷】额度已到账80000元，随借随还，点击提现>>,"被其他通知服务取消, 3天前"
杭州银行,"您尾号9575账户9月1日结息人民币50,000.00，已转入活期账户",
平安银行,"您账户于5月4日发生港币HK$ 12,000.00消费，折合人民币102,884.31",
京东支付,您尾号7518账户2月15日缴纳电费支出人民币99.00,
杭州银行,【光大银行】限时活动：办理分期享0手续费，月供低至160元，点击参与,"被其他通知服务取消, 3天前"
农业银行,"云闪付：您有一笔成功交易，付款¥3,420.15，余额685.42",
广发银行,您尾号4868信用卡本期账单人民币520.00已还款成功,
华夏银行,【光大银行】您的积分即将过期，可兑换23元礼品卡，点击兑换>>,"被其他通知服务取消, 3天前"
建设银行,"您尾号5740账户10月16日结息人民币1,234.56，已转入活期账户",
杭州银行,"您尾号9138的储蓄卡账户9月10日发生快捷支付人民币89.10，余额1,234.56",
建设银行,您尾号9297账户2月16日缴纳电费支出人民币20.90,
美团支付,【淘宝】您有8张共447元消费券待领取，限时免费领取，点此立即领>>,"被其他通知服务取消, 3天前"
邮储银行,【拼多多】恭喜!您已获得现金红包，支付1元即可提现到微信零钱，点击领取,"被其他通知服务取消, 3天前"
招商银行,【拼多多】恭喜!您已获得现金红包，支付1元即可提现到微信零钱，点击领取,"被其他通知服务取消, 3天前"
中信银行,"您账户3957于5月2日18:19ATM取现人民币15,800.00，余额1,234.56",
邮储银行,【XX贷】额度已到账50000元，随借随还，点击提现>>,"被其他通知服务取消, 3天前"
兴业银行,云闪付退款：您有一笔退款¥25.00已退回，商户：沃尔玛,
建设银行,京东支付退款：您有一笔退款¥520.00已退回，商户：财付通-微信支付-美团外卖,
平安银行,"支付宝退款：您有一笔退款¥1,000.00已退回，商户：星巴克",
北京银行,您尾号3135信用卡8月18日消费人民币186.30，账单日10月8日,
浙商银行,"您账户3201于3月7日存入现金人民币320.00，余额1,234.56",
江苏银行,您账户于1月13日结息人民币58.50，税后利息已入账,
宁波银行,"您尾号1067账户3月14日12:11在【财付通-微信支付-美团外卖】消费美元USD 5,000.00，折合人民币45,120.00",
恒丰银行,"您尾号3353信用卡8月13日消费人民币1,000.00，账单日10月8日",
恒丰银行,"您尾号2714的储蓄卡账户1月28日发生快捷支付人民币50,000.00，余额685.42",
华夏银行,【华夏银行】尊敬的客户，您可获得最高100000元信用贷款，日息低至0.02%，点击立即申请，退订回T,"被其他通知服务取消, 3天前"
中国银行,您尾号8825信用卡5月25日消费人民币99.00，账单日10月8日,
中国银行,"云闪付凭证：您已支付¥12,000.00，商户：星巴克",
江苏银行,【XX保险】您的账户可领取理赔金2000元，点击认证领取，限时3天,"被其他通知服务取消, 3天前"
招商银行,【招商银行】恭喜您获得理财新客礼包，80元现金红包点击领取，先到先得,"被其他通知服务取消, 3天前"
杭州银行,"您账户1556于3月1日发生一笔还款支出人民币3,420.15，余额45,120.00",
江苏银行,美团支付凭证：您已支付¥25.00，商户：中国电信,
邮储银行,"您账户3314于1月7日收到利息人民币3,420.15，余额45,120.00",
宁波银行,京东支付：您尾号2253卡于12:05消费人民币99.00,
北京银行,您尾号3097的账户3月26日向周晓芳转账人民币58.50成功,
光大银行,您尾号9003账户工资代发收入人民币8.00,
中国银行,"您尾号9262的储蓄卡账户6月6日发生快捷支付人民币208.80，余额1,234.56",
北京银行,"您账户5430于11月27日09:12ATM取现人民币15,800.00，余额23,908.77",
江苏银行,【拼多多】恭喜!您已获得现金红包，支付1元即可提现到微信零钱，点击领取,"被其他通知服务取消, 3天前"
工商银行,您账户2775于8月24日13:27向周晓芳转账支出人民币520.00，余额685.42,
交通银行,【拼多多】恭喜!您已获得现金红包，支付1元即可提现到微信零钱，点击领取,"被其他通知服务取消, 3天前"
建设银行,【交通银行】您好，我行授予您450000元消费额度，可用于日常消费、房屋装修，点击申请,"被其他通知服务取消, 3天前"
宁波银行,【杭州银行】您好，我行授予您320000元消费额度，可用于日常消费、房屋装修，点击申请,"被其他通知服务取消, 3天前"
中国银行,"您账户5289于1月23日03:40ATM取现人民币888.88，余额102,884.31",
民生银行,"您尾号3077账户12月3日05:34在【国家电网】消费美元USD 151.00，折合人民币45,120.00",
广发银行,【XX游戏】首充6元送648元宝，点击充值，限时活动今日截止,"被其他通知服务取消, 3天前"
农业银行,【淘宝】您有5张共745元消费券待领取，限时免费领取，点此立即领>>,"被其他通知服务取消, 3天前"
宁波银行,"京东支付退款：您有一笔退款¥1,000.00已退回，商户：支付宝-淘宝",
工商银行,您尾号3031账户11月15日缴纳电费支出人民币58.50,
中国银行,"您尾号5022账户1月2日03:09在【铁路12306】消费美元USD 15,800.00，折合人民币8,231.06",
民生银行,"您账户3976于11月10日存入现金人民币89.10，余额13,450.22",
农业银行,"您账户6256于3月4日00:44向李四转账支出人民币5,000.00，余额102,884.31",
广发银行,您尾号9913账户7月24日购买理财支出人民币8.00,
农业银行,【XX分期】零首付购机，月供低至199元，点击办理分期付款，免息30天,"被其他通知服务取消, 3天前"
北京银行,"您账户5642于8月25日发生一笔还款支出人民币50,000.00，余额1,234.56",
广发银行,"您尾号1558的储蓄卡账户6月2日发生快捷支付人民币888.88，余额13,450.22",
杭州银行,"您账户3000于7月5日存入现金人民币888.88，余额1,234.56",
交通银行,【XX游戏】首充6元送648元宝，点击充值，限时活动今日截止,"被其他通知服务取消, 3天前"
杭州银行,【江苏银行】限时活动：办理分期享0手续费，月供低至156元，点击参与,"被其他通知服务取消, 3天前"
交通银行,您尾号8339账户7月28日缴纳电费支出人民币520.00,
微信支付,"您尾号8733账户5月22日发生代扣支出人民币1,000.00，业务：通信费",
抖音支付,【华夏银行】恭喜您获得理财新客礼包，577元现金红包点击领取，先到先得,"被其他通知服务取消, 3天前"
建设银行,您尾号4157信用卡1月13日消费人民币520.00，账单日10月8日,
北京银行,【交通银行】尊敬的客户，您可获得最高180000元信用贷款，日息低至0.02%，点击立即申请，退订回T,"被其他通知服务取消, 3天前"
杭州银行,微信支付：您尾号6926卡于06:14消费人民币151.00,
建设银行,【XX分期】零首付购机，月供低至199元，点击办理分期付款，免息30天,"被其他通知服务取消, 3天前"
支付宝,【XX贷】额度已到账190000元，随借随还，点击提现>>,"被其他通知服务取消, 3天前"
广发银行,【招商银行】限时活动：办理分期享0手续费，月供低至440元，点击参与,"被其他通知服务取消, 3天前"
微信支付,"您账户7321于09月22日01:50在【星巴克】发生快捷支付扣款，人民币15,800.00",
农业银行,您账户3797发生POS消费人民币12.90，商户：拼多多,
招商银行,"您尾号1368信用卡本期账单人民币2,000.00已还款成功",
广发银行,您账户4563于1月22日05:47通过瑞幸咖啡支付人民币12.90，余额685.42,
农业银行,"您账户1197于10月11日16:08收到李四转账人民币1,234.56",
浙商银行,【XX游戏】首充6元送648元宝，点击充值，限时活动今日截止,"被其他通知服务取消, 3天前"
兴业银行,【淘宝】您有4张共419元消费券待领取，限时免费领取，点此立即领>>,"被其他通知服务取消, 3天前"
邮储银行,美团支付凭证：您已支付¥20.90，商户：支付宝-天猫,
广发银行,抖音支付：您于09:05收款¥89.10，来自王五,
江苏银行,您尾号2172账户7月17日发生代扣支出人民币208.80，业务：物业费,
江苏银行,您尾号4620账户工资代发收入人民币186.30,
江苏银行,您尾号8333账户3月3日17:56在【中国移动】消费美元USD 20.90，折合人民币685.42,
平安银行,支付宝：您尾号5792卡于00:30消费人民币99.00,
浦发银行,"您账户7211于4月21日收到利息人民币50,000.00，余额45,120.00",
交通银行,您尾号7546信用卡本期账单人民币89.10已还款成功,
浙商银行,【XX游戏】首充6元送648元宝，点击充值，限时活动今日截止,"被其他通知服务取消, 3天前"
中信银行,【中国移动】您的话费余额不足10元，点击充值享9折优惠，立即充值送流量,"被其他通知服务取消, 3天前"
农业银行,云闪付：您于01:07收款¥320.00，来自周晓芳,
广发银行,"您账户2928于7月14日03:57ATM取现人民币1,234.56，余额102,884.31",
农业银行,"您账户6759于7月22日收到利息人民币208.80，余额23,908.77",
广发银行,"【广发银行】您账户372711:17发生快捷支付扣款，人民币1,000.00",
云闪付,【拼多多】恭喜!您已获得现金红包，支付1元即可提现到微信零钱，点击领取,"被其他通知服务取消, 3天前"
民生银行,"您账户6272于2月11日发生一笔还款支出人民币1,234.56，余额23,908.77",
浙商银行,"您账户8680于7月1日收到跨行汇入人民币12.90，余额102,884.31",
江苏银行,您尾号7343信用卡本期应还人民币186.30，最后还款日10月8日,
光大银行,【XX游戏】首充6元送648元宝，点击充值，限时活动今日截止,"被其他通知服务取消, 3天前"
中信银行,"您账户8494于7月4日收到利息人民币2,000.00，余额102,884.31",
浦发银行,"微信支付：您尾号6813卡于10:12消费人民币15,800.00",
平安银行,【淘宝】您有2张共804元消费券待领取，限时免费领取，点此立即领>>,"被其他通知服务取消, 3天前"
江苏银行,您尾号9485账户发生退款收入人民币25.00，原交易已撤销,
浙商银行,"您账户5321于09月2日08:56在【沃尔玛】发生快捷支付扣款，人民币5,000.00",
北京银行,云闪付：您于23:16收款¥320.00，来自刘建国,
美团支付,"您尾号1320的储蓄卡账户10月10日发生快捷支付人民币12,000.00，余额102,884.31",
民生银行,"您账户8921于5月25日01:10收到吴伟转账人民币5,000.00",
兴业银行,"【兴业银行】您账户898108:34发生快捷支付扣款，人民币2,000.00",
中信银行,【中信银行】您账户657203:00发生快捷支付扣款，人民币25.00,
微信支付,【杭州银行】您好，我行授予您70000元消费额度，可用于日常消费、房屋装修，点击申请,"被其他通知服务取消, 3天前"
中国银行,"云闪付：您有一笔成功交易，付款¥12,000.00，余额8,231.06",
农业银行,"您尾号1101的储蓄卡账户7月26日发生快捷支付人民币15,800.00，余额13,450.22",
建设银行,【淘宝】您有6张共641元消费券待领取，限时免费领取，点此立即领>>,"被其他通知服务取消, 3天前"
广发银行,您尾号3811账户8月21日发生代扣支出人民币151.00，业务：保险费,
宁波银行,"您账户9197于7月6日01:41通过腾讯视频支付人民币151.00，余额13,450.22",
交通银行,您尾号7744账户工资代发收入人民币888.88,
中国银行,【XX保险】您的账户可领取理赔金2000元，点击认证领取，限时3天,"被其他通知服务取消, 3天前"
北京银行,您账户3867于09月9日11:52在【瑞幸咖啡】发生快捷支付扣款，人民币520.00,
华夏银行,【中国移动】您的话费余额不足10元，点击充值享9折优惠，立即充值送流量,"被其他通知服务取消, 3天前"
平安银行,您尾号9525信用卡本期账单人民币58.50已还款成功,
上海银行,京东支付：您于10:39收款¥8.00，来自王五,
中国银行,您尾号5801账户8月17日结息人民币208.80，已转入活期账户,
中国银行,"您账户4455发生POS消费人民币3,420.15，商户：支付宝-天猫",
华夏银行,"您尾号8913账户发生退款收入人民币12,000.00，原交易已撤销",
上海银行,您账户5359于09月5日01:50在【中国移动】发生快捷支付扣款，人民币888.88,
工商银行,微信支付：您有一笔成功交易，付款¥25.00，余额685.42,
